Element 1 ID	Element 2 ID	STRING escore	STRING tscore	STRING dscore
Q9Y5U5	Q07011	0	745	0
Q9Y5U5	Q07011	0	745	0
Q9Y5U5	P01589	0	620	0
Q9Y5U5	P01589	0	620	0
Q9Y5U5	P43489	0	807	0
Q9Y5U5	P43489	0	807	0
P60568	P10747	0	956	0
P60568	P10747	0	956	0
P60568	O14836	0	405	0
P60568	O14836	0	405	0
Q9Y6Q6	P10747	0	152	0
Q9Y6Q6	P10747	0	152	0
P40763	Q9GZX6	0	837	900
P40763	Q9GZX6	0	837	900
P40763	Q9GZX6			
P40763	Q9GZX6			
P10747	Q8TDQ0	0	630	0
P10747	Q8TDQ0	0	630	0
P40763	Q9HBE5	0	737	900
P40763	Q9HBE5	0	737	900
P40763	Q9HBE5			
P05231	Q15672	0	658	0
P05231	Q15672	0	658	0
GO:0007155	P05362	IDA		
GO:0042113	P20273	IDA		
P15391	P20273	294	933	0
P15391	P20273	294	933	0
P20273	Q16568	0	567	0
P20273	Q16568	0	567	0
P26718	P20273	123	213	0
P26718	P20273	123	213	0
P15391	Q16568	0	795	0
P15391	Q16568	0	795	0
P20273	Q16568	0	567	0
P20273	Q16568	0	567	0
GO:0006915	P48023	TAS		
GO:0006915	P06731	IEA		
P09914	P08575	0	210	0
P09914	P08575	0	210	0
GO:0007155	P05107	IDA		
P41240	P04000	472	56	900
P41240	P04000	472	56	900
P19838	VAV	0	161	0
P19838	VAV	0	161	0
P09914	P08575	0	210	0
P09914	P08575	0	210	0
P10747	P09914	0	239	0
P10747	P09914	0	239	0
P16410	P09914	0	168	0
P16410	P09914	0	168	0
P16333	P43403	133	596	0
P16333	P43403	133	596	0
P16333	P43403	133	596	0
P16333	P43403	133	596	0
P19174	Q08881	472	383	900
P19174	Q08881	472	383	900
P19174	Q08881			
P19174	Q08881			
P19174	Q08881			
P19174	Q08881			
P19174	Q08881			
P15498	P43403	620	901	900
P15498	P43403	620	901	900
P15498	P43403	620	901	900
P15498	P43403	620	901	900
P43489	P23510	877	941	900
P43489	P23510	877	941	900
P43489	P23510			
P01375	P23510	0	606	0
P01375	P23510	0	606	0
Q15672	P36575	0	160	0
Q15672	P36575	0	160	0
P10747	P04626	0	470	0
P10747	P04626	0	470	0
P04141	P21583	379	802	0
P04141	P21583	379	802	0
P08700	P21583	0	920	0
P08700	P21583	0	920	0
P43365	P43357	0	55	0
P43365	P43357	0	55	0
P09382	Q9UJV9	0	431	0
P09382	Q9UJV9	0	431	0
P40225	P10747	0	196	0
P40225	P10747	0	196	0
P60568	P09382	0	491	0
P60568	P09382	0	491	0
Q02223	O75888	379	640	900
Q02223	O75888	379	640	900
Q02223	O75888			
Q02223	Q9Y275	909	874	900
Q02223	Q9Y275	909	874	900
Q02223	Q9Y275			
GO:0006915	O14763	NAS		
P22301	P0C0P6	0	671	0
P22301	P0C0P6	0	671	0
P05089	P0C0P6	0	153	0
P05089	P0C0P6	0	153	0
P42574	P0C0P6	0	291	0
P42574	P0C0P6	0	291	0
GO:0006915	P48023	TAS		
GO:0006915	O15519	IMP		
GO:0006915	Q14790	IGI		
P51685	P22362	379	763	900
P51685	P22362	379	763	900
P51685	P22362			
Q9NZQ7	GO:0006955	IDA		
P08571	P04141	0	537	0
P08571	P04141	0	537	0
GO:0006955	P04141	IEA		
P01579	P15391	0	620	0
P01579	P15391	0	620	0
P12544	P16871	0	457	0
P12544	P16871	0	457	0
P10144	P16871	0	700	0
P10144	P16871	0	700	0
P10144	P01911	0	213	0
P10144	P01911	0	213	0
P01375	Q495A1	0	327	0
P01375	Q495A1	0	327	0
P60568	Q495A1	0	483	0
P60568	Q495A1	0	483	0
P60568	Q8TDQ0	0	811	0
P60568	Q8TDQ0	0	811	0
P01375	Q8TDQ0	0	744	0
P01375	Q8TDQ0	0	744	0
P15151	Q495A1	870	847	800
P15151	Q495A1	870	847	800
P22301	Q495A1	0	481	0
P22301	Q495A1	0	481	0
Q9UL17	Q15762	0	640	0
Q9UL17	Q15762	0	640	0
P01375	Q495A1	0	327	0
P01375	Q495A1	0	327	0
P32302	Q9Y6W8	0	686	0
P32302	Q9Y6W8	0	686	0
P32302	Q9Y6W8	0	686	0
P32302	Q9Y6W8	0	686	0
P43403	P06239	472	270	900
P43403	P06239	472	270	900
P43403	P06239			
P43403	P06239			
P43403	P06239			
P43403	P06239			
P06127	P09564	0	898	0
P06127	P09564	0	898	0
GO:0008283	P06127	NAS		
P01589	P06127	0	573	0
P01589	P06127	0	573	0
P01589	P09564	0	399	0
P01589	P09564	0	399	0
P06127	P09564	0	898	0
P06127	P09564	0	898	0
Q07108	P06127	0	760	0
Q07108	P06127	0	760	0
Q07108	P09564	0	398	0
Q07108	P09564	0	398	0
P09564	P06127	0	898	0
P09564	P06127	0	898	0
GO:0042110	P09564	TAS		
P01579	P06127	0	424	0
P01579	P06127	0	424	0
P01579	P09564	0	285	0
P01579	P09564	0	285	0
P11279	P06127	0	258	0
P11279	P06127	0	258	0
P11279	P09564	0	211	0
P11279	P09564	0	211	0
P06127	P09564	0	898	0
P06127	P09564	0	898	0
P09564	P06127	0	898	0
P09564	P06127	0	898	0
GO:0006955	P16410	TAS		
Q16568	P16410	0	710	0
Q16568	P16410	0	710	0
P15248	P35225	0	891	0
P15248	P35225	0	891	0
P15248	P05113	0	935	0
P15248	P05113	0	935	0
Q9BZW8	O14796	562	645	800
Q9BZW8	O14796	562	645	800
P09326	O14796	0	604	0
P09326	O14796	0	604	0
Q07011	P41273	877	935	900
Q07011	P41273	877	935	900
Q07011	P41273			
Q07011	P31944	0	326	0
Q07011	P31944	0	326	0
P15391	P11274	0	287	900
P15391	P11274	0	287	900
Q13422	Q9UKT9	725	89	0
Q13422	Q9UKT9	725	89	0
Q16568	Q07011	0	800	0
Q16568	Q07011	0	800	0
Q07817	P10747	0	724	0
Q07817	P10747	0	724	0
P04637	P09564	0	284	0
P04637	P09564	0	284	0
P09326	P26842	0	358	0
P09326	P26842	0	358	0
P09326	P32970	0	211	0
P09326	P32970	0	211	0
Q8IXH7	O00182	0	260	0
Q8IXH7	O00182	0	260	0
Q8TDQ0	O00182	260	953	900
Q8TDQ0	O00182	260	953	900
Q8TDQ0	O00182			
Q8IXH7	O00182	0	260	0
Q8IXH7	O00182	0	260	0
Q07108	O00182	0	262	0
Q07108	O00182	0	262	0
P22301	O00182	0	543	0
P22301	O00182	0	543	0
P60568	O00182	0	498	0
P60568	O00182	0	498	0
P05231	O00182	0	414	0
P05231	O00182	0	414	0
P26718	O00182	0	327	0
P26718	O00182	0	327	0
GO:0006954	O00182	IDA		
P11279	P05231	0	457	0
P11279	P05231	0	457	0
Q8TDQ0	O00182	260	953	900
Q8TDQ0	O00182	260	953	900
Q8TDQ0	O00182			
P48023	O00182	0	388	0
P48023	O00182	0	388	0
GO:0006915	P09382	IEA		
GO:0006935	P10145	TAS		
GO:0006955	P43489	TAS		
P60568	B7ZLG1	472	958	900
P60568	B7ZLG1	472	958	900
Q9NZQ7	P15391	0	668	0
Q9NZQ7	P15391	0	668	0
P54760	P52799	784	962	900
P54760	P52799	784	962	900
P46109	P54760	262	125	0
P46109	P54760	262	125	0
O00585	P10721	0	250	0
O00585	P10721	0	250	0
P15391	Q8WV28	0	560	900
P15391	Q8WV28	0	560	900
P60568	O14543	0	711	900
P60568	O14543	0	711	900
Q13191	P29350	123	138	0
Q13191	P29350	123	138	0
Q04864	Q96FA3	299	612	0
Q04864	Q96FA3	299	612	0
Q13191	P10747	0	212	0
Q13191	P10747	0	212	0
Q13191	P29350	123	138	0
Q13191	P29350	123	138	0
P06241	P41240	472	155	900
P06241	P41240	472	155	900
P06241	P41240	472	155	900
P06241	P41240	472	155	900
P06239	P41240	379	147	900
P06239	P41240	379	147	900
P06239	P41240			
P06239	P41240	379	147	900
P06239	P41240	379	147	900
P06239	P41240			
P01730	P28907	336	388	0
P01730	P28907	336	388	0
P01730	P25942	0	397	0
P01730	P25942	0	397	0
P25942	P41597	0	571	0
P25942	P41597	0	571	0
P05231	O43602	0	315	0
P05231	O43602	0	315	0
P05231	P25942	0	893	0
P05231	P25942	0	893	0
P10145	P25942	0	688	0
P10145	P25942	0	688	0
Q9NZQ7	P05231	0	675	0
Q9NZQ7	P05231	0	675	0
Q07011	P10747	0	807	0
Q07011	P10747	0	807	0
Q07108	P60033	0	347	0
Q07108	P60033	0	347	0
O14763	P05112	0	286	0
O14763	P05112	0	286	0
Q6UVK1	P01375	0	189	0
Q6UVK1	P01375	0	189	0
Q15672	P36575	0	160	0
Q15672	P36575	0	160	0
P35968	P15692	472	987	900
P35968	P15692	472	987	900
P35968	P15692			
P35968	P15692			
P35968	P15692			
P35968	P15692			
P35968	P15692			
P01588	P29317	0	543	0
P01588	P29317	0	543	0
P10747	P15391	0	793	0
P10747	P15391	0	793	0
P10747	P16410	0	270	900
P10747	P16410	0	270	900
P20963	P10747	379	707	900
P20963	P10747	379	707	900
P33681	P16410	882	968	900
P33681	P16410	882	968	900
P33681	P16410			
P33681	P16410			
P60568	P10747	0	956	0
P60568	P10747	0	956	0
P60568	P16410	0	962	0
P60568	P16410	0	962	0
Q8TDQ0	P01375	0	744	0
Q8TDQ0	P01375	0	744	0
Q9HD36	P10415	379	126	0
Q9HD36	P10415	379	126	0
Q07817	P10415	912	101	900
Q07817	P10415	912	101	900
Q16548	P10415	0	147	900
Q16548	P10415	0	147	900
Q07820	P10415	379	239	900
Q07820	P10415	379	239	900
GO:0006915	P10415	IDA		
GO:0006915	P10415	IDA		
P31944	P10415	168	62	0
P31944	P10415	168	62	0
P35225	P01730	0	410	0
P35225	P01730	0	410	0
P35225	P10144	0	555	0
P35225	P10144	0	555	0
P35225	P10145	0	839	900
P35225	P10145	0	839	900
P15391	P60568	0	800	0
P15391	P60568	0	800	0
Q06187	P11274	63	266	900
Q06187	P11274	63	266	900
P50591	P01375	0	710	0
P50591	P01375	0	710	0
GO:0006915	O14763	NAS		
Q02223	Q16568	0	347	0
Q02223	Q16568	0	347	0
Q07011	Q16568	0	800	0
Q07011	Q16568	0	800	0
P05112	Q16568	0	357	0
P05112	Q16568	0	357	0
P05231	Q16568	0	473	0
P05231	Q16568	0	473	0
P26842	P19838	0	193	0
P26842	P19838	0	193	0
P21579	P19838	0	222	0
P21579	P19838	0	222	0
Q5ZPR3	Q9NZQ7	0	218	0
Q5ZPR3	Q9NZQ7	0	218	0
P10145	Q07011	0	594	0
P10145	Q07011	0	594	0
P40763	P05231	269	970	900
P40763	P05231	269	970	900
P40763	P05231			
P40763	P05231			
P40763	P05231			
Q8IXH7	Q07011	0	213	0
Q8IXH7	Q07011	0	213	0
GO:0001525	P10145	TAS		
GO:0006954	P01375	IDA		
Q07011	P01375	0	802	0
Q07011	P01375	0	802	0
P05231	Q07011	0	700	0
P05231	Q07011	0	700	0
Q9NZQ7	P01375	0	677	0
Q9NZQ7	P01375	0	677	0
Q15672	P05231	0	658	0
Q15672	P05231	0	658	0
P01588	P25942	0	229	0
P01588	P25942	0	229	0
Q15672	P05231	0	658	0
Q15672	P05231	0	658	0
P04275	Q76LX8	379	958	0
P04275	Q76LX8	379	958	0
P13726	P29965	0	590	0
P13726	P29965	0	590	0
Q96RJ3	P01730	0	195	0
Q96RJ3	P01730	0	195	0
Q15672	P36575	0	160	0
Q15672	P36575	0	160	0
Q07011	Q02223	0	382	0
Q07011	Q02223	0	382	0
P11912	O75888	0	148	0
P11912	O75888	0	148	0
P10144	P60568	0	885	0
P10144	P60568	0	885	0
P26718	Q9UBK5	183	858	800
P26718	Q9UBK5	183	858	800
P26718	Q9UBK5			
Q16568	P13232	0	483	0
Q16568	P13232	0	483	0
P22735	P04637	0	218	0
P22735	P04637	0	218	0
P60568	Q13422	0	692	0
P60568	Q13422	0	692	0
P60568	Q13422	0	692	0
P60568	Q13422	0	692	0
Q15672	P05231	0	658	0
Q15672	P05231	0	658	0
GO:0008283	Q02223	TAS		
Q16568	Q15116	0	511	0
Q16568	Q15116	0	511	0
Q15672	P36575	0	160	0
Q15672	P36575	0	160	0
P11912	P11836	0	457	0
P11912	P11836	0	457	0
O43927	P32302	379	926	900
O43927	P32302	379	926	900
O43927	P32302			
O95819	Q13114	168	113	900
O95819	Q13114	168	113	900
GO:0006915	O00141	IEA		
GO:0006915	P25445	IDA		
P25942	Q99558	353	303	0
P25942	Q99558	353	303	0
P25942	Q99558			
P25942	P29965	870	974	900
P25942	P29965	870	974	900
P25942	P29965			
Q01201	Q99558	0	572	900
Q01201	Q99558	0	572	900
Q01201	Q99558			
Q01201	Q99558			
O60674	126565	922	900	0
P07948	3062316	795	573	700
P06213	Q13315	0	225	0
P06213	Q13315	0	225	0
A2A288	P15391	0	196	0
A2A288	P15391	0	196	0
P06239	P10747	384	836	900
P06239	P10747	384	836	900
P06239	P10747			
P06239	P10747			
Q9UHD2	Q86WV6	472	849	900
Q9UHD2	Q86WV6	472	849	900
Q9UHD2	Q86WV6			
Q9UHD2	Q86WV6			
Q9UHD2	Q86WV6			
Q9UHD2	Q86WV6			
Q9UHD2	Q86WV6			
Q9UHD2	Q86WV6			
Q9UHD2	Q86WV6			
Q9UHD2	Q86WV6			
Q14653	Q86WV6	336	762	900
Q14653	Q86WV6	336	762	900
Q14653	Q86WV6			
Q14653	Q86WV6			
Q14653	Q86WV6			
Q14653	Q86WV6			
Q86WV6	Q9UHD2	472	849	900
Q86WV6	Q9UHD2	472	849	900
Q86WV6	Q9UHD2			
Q86WV6	Q9UHD2			
Q86WV6	Q9UHD2			
Q86WV6	Q9UHD2			
Q86WV6	Q9UHD2			
Q86WV6	Q9UHD2			
Q86WV6	Q9UHD2			
Q86WV6	Q9UHD2			
GO:0045087	Q8N884	IEA		
Q02223	P28907	0	442	0
Q02223	P28907	0	442	0
P18621	P49589	0	67	0
P18621	P49589	0	67	0
Q9Y275	Q02223	909	874	900
Q9Y275	Q02223	909	874	900
Q9Y275	Q02223			
Q9Y275	O14836	379	950	900
Q9Y275	O14836	379	950	900
Q9Y275	O14836			
Q07108	Q9Y275	0	447	0
Q07108	Q9Y275	0	447	0
Q16568	P61769	0	186	0
Q16568	P61769	0	186	0
Q16552	GO:0006955	TAS		
P78358	P29017	0	293	0
P78358	P29017	0	293	0
GO:0043045	Q9Y6K1	IEA		
P13639	Q8N5D0	0	829	0
P13639	Q8N5D0	0	829	0
P50591	P48023	0	327	900
P50591	P48023	0	327	900
O75888	Q9Y275	379	228	0
O75888	Q9Y275	379	228	0
P50591	P01375	0	710	0
P50591	P01375	0	710	0
GO:0006955	P09564	TAS		
P36575	P35555	131	66	0
P36575	P35555	131	66	0
Q16568	P15391	0	795	0
Q16568	P15391	0	795	0
Q06187	P11274	63	266	900
Q06187	P11274	63	266	900
Q15672	P36575	0	160	0
Q15672	P36575	0	160	0
P36575	P29965	193	49	0
P36575	P29965	193	49	0
Q15672	P05231	0	658	0
Q15672	P05231	0	658	0
P35228	P05231	0	735	0
P35228	P05231	0	735	0
P35228	P05231	0	735	0
P35228	P05231	0	735	0
Q15672	P36575	0	160	0
Q15672	P36575	0	160	0
P01106	P46531	68	872	900
P01106	P46531	68	872	900
P43403	P06239	472	270	900
P43403	P06239	472	270	900
P43403	P06239			
P43403	P06239			
P43403	P06239			
P43403	P06239			
O95936	P10747	0	537	0
O95936	P10747	0	537	0
P23771	P10747	0	686	0
P23771	P10747	0	686	0
Q9UL17	P10747	0	764	0
Q9UL17	P10747	0	764	0
Q15762	Q495A1	379	834	0
Q15762	Q495A1	379	834	0
P60568	P01009	0	307	0
P60568	P01009	0	307	0
P11274	P36888	0	429	0
P11274	P36888	0	429	0
Q8NHQ1	P15391	0	679	0
Q8NHQ1	P15391	0	679	0
Q15672	P05231	0	658	0
Q15672	P05231	0	658	0
GO:0006955	P01730	NAS		
P60568	P10747	0	956	0
P60568	P10747	0	956	0
Q9NZQ7	P01579	0	842	0
Q9NZQ7	P01579	0	842	0
Q07011	P10747	0	807	0
Q07011	P10747	0	807	0
Q15672	P36575	0	160	0
Q15672	P36575	0	160	0
P08174	P15391	0	354	0
P08174	P15391	0	354	0
P08174	P20273	0	354	0
P08174	P20273	0	354	0
P42224	Q9GZX6	0	714	900
P42224	Q9GZX6	0	714	900
P40763	Q9GZX6	0	837	900
P40763	Q9GZX6	0	837	900
P40763	Q9GZX6			
P40763	Q9GZX6			
P42229	P40933	98	813	900
P42229	P40933	98	813	900
P42229	P60568	0	918	900
P42229	P60568	0	918	900
P42229	Q9GZX6	0	512	900
P42229	Q9GZX6	0	512	900
P42229	P13232	0	857	900
P42229	P13232	0	857	900
P42229	P13232			
P42229	P13232			
P51692	P40933	101	812	900
P51692	P40933	101	812	900
P51692	P60568	0	915	900
P51692	P60568	0	915	900
P51692	Q9GZX6	0	510	900
P51692	Q9GZX6	0	510	900
P51692	P13232	0	855	900
P51692	P13232	0	855	900
P51692	P13232			
P51692	P13232			
P10144	Q9GZX6	0	419	0
P10144	Q9GZX6	0	419	0
P08151	A0A0B4J2D5	68	257	0
P08151	A0A0B4J2D5	68	257	0
O43623	Q9Y5J3	84	438	0
O43623	Q9Y5J3	84	438	0
O14746	P35226	0	553	0
O14746	P35226	0	553	0
P46527	A0A0B4J2D5	0	206	0
P46527	A0A0B4J2D5	0	206	0
Q9NR61	P15692	0	887	0
Q9NR61	P15692	0	887	0
P05231	Q9Y5J3	0	543	0
P05231	Q9Y5J3	0	543	0
P40763	A0A0B4J2D5	412	252	900
P40763	A0A0B4J2D5	412	252	900
GO:0017144	P08684	IDA		
P60484	A0A0B4J2D5	0	604	0
P60484	A0A0B4J2D5	0	604	0
P01730	P11226	0	254	0
P01730	P11226	0	254	0
P40933	Q02223	0	208	0
P40933	Q02223	0	208	0
P40933	P13232	0	922	0
P40933	P13232	0	922	0
P60568	Q02223	0	284	0
P60568	Q02223	0	284	0
P13232	Q02223	0	173	0
P13232	Q02223	0	173	0
P18627	P40933	0	519	0
P18627	P40933	0	519	0
GO:0006954	Q99572	IEA		
P04626	Q8NHQ1	0	400	0
P04626	Q8NHQ1	0	400	0
P78324	Q08722	885	943	900
P78324	Q08722	885	943	900
P78324	Q08722			
P78324	Q08722			
P78324	Q08722			
P20138	P26951	0	736	0
P20138	P26951	0	736	0
GO:0042110	P10747	IGI		
GO:0006955	Q15399	TAS		
Q15762	P40933	0	594	0
Q15762	P40933	0	594	0
Q15762	P60568	0	633	0
Q15762	P60568	0	633	0
Q15762	P13232	0	297	0
Q15762	P13232	0	297	0
P26718	P40933	0	919	0
P26718	P40933	0	919	0
P26718	P60568	0	884	0
P26718	P60568	0	884	0
P26718	P13232	0	530	0
P26718	P13232	0	530	0
P36575	P04626	0	196	0
P36575	P04626	0	196	0
GO:0007165	P32970	TAS		
P10144	P01730	0	441	0
P10144	P01730	0	441	0
GO:0007165	O75888	TAS		
GO:0007165	Q9Y275	TAS		
GO:0007165	Q02223	TAS		
P01589	P01730	336	640	0
P01589	P01730	336	640	0
Q07108	P01730	0	559	0
Q07108	P01730	0	559	0
Q16552	P27487	0	330	0
Q16552	P27487	0	330	0
P41597	P27487	0	310	0
P41597	P27487	0	310	0
P27487	P01730	336	222	0
P27487	P01730	336	222	0
P27487	P60568	0	499	0
P27487	P60568	0	499	0
O00574	P27487	0	171	0
O00574	P27487	0	171	0
Q16552	Q9NPF7	0	888	0
Q16552	Q9NPF7	0	888	0
Q15672	P36575	0	160	0
Q15672	P36575	0	160	0
P01730	Q9UL17	0	522	0
P01730	Q9UL17	0	522	0
Q9UL17	P23771	344	971	800
Q9UL17	P23771	344	971	800
GO:0007165	P36575	IEA		
P35225	Q9UL17	0	834	0
P35225	Q9UL17	0	834	0
P35225	Q8IXH7	0	669	0
P35225	Q8IXH7	0	669	0
PF02189	P06239	84	618	0
PF02189	P06239	84	618	0
P43403	P06239	472	270	900
P43403	P06239	472	270	900
P43403	P06239			
P43403	P06239			
P43403	P06239			
P43403	P06239			
Q9NZQ7	Q96EA4	0	772	0
Q9NZQ7	Q96EA4	0	772	0
P01589	P10747	0	701	0
P01589	P10747	0	701	0
P14778	P18510			
Q96SZ5	P21589	0	626	0
Q96SZ5	P21589	0	626	0
P01579	P29350	0	188	900
P01579	P29350	0	188	900
P01579	P29350			
P33681	P16410	882	968	900
P33681	P16410	882	968	900
P33681	P16410			
P33681	P16410			
P42081	P16410	899	963	900
P42081	P16410	899	963	900
P42081	P16410			
P42081	P16410			
Q7Z4W1	P78536	0	313	0
Q7Z4W1	P78536	0	313	0
P18627	Q16568	0	525	0
P18627	Q16568	0	525	0
P06239	3062316	994	851	800
Q9BQ51	P04141	0	766	0
Q9BQ51	P04141	0	766	0
Q9BQ51	P05112	0	796	0
Q9BQ51	P05112	0	796	0
P11274	P20273	0	194	900
P11274	P20273	0	194	900
P11166	P20142	0	144	0
P11166	P20142	0	144	0
Q15672	P36575	0	160	0
Q15672	P36575	0	160	0
Q15672	P36575	0	160	0
Q15672	P36575	0	160	0
P09326	P01730	0	292	0
P09326	P01730	0	292	0
P31749	P10176	0	347	0
P31749	P10176	0	347	0
Q02223	P43489	0	356	0
Q02223	P43489	0	356	0
GO:0042110	P10747	IGI		
GO:0045453	O14788	IEA		
GO:0008283	Q9Y275	TAS		
P42345	P31947	170	211	900
P42345	P31947	170	211	900
P10144	Q13761	0	430	0
P10144	Q13761	0	430	0
P15391	P11274	0	287	900
P15391	P11274	0	287	900
P26718	P21589	0	266	0
P26718	P21589	0	266	0
P04198	P11926	0	670	0
P04198	P11926	0	670	0
P01106	P11926	192	810	0
P01106	P11926	192	810	0
P20138	Q8NHQ1	0	583	0
P20138	Q8NHQ1	0	583	0
P28908	P10747	0	560	0
P28908	P10747	0	560	0
P28908	P43489	0	715	0
P28908	P43489	0	715	0
GO:0006281	Q8N884	IEA		
GO:0008283	Q9UJV9	IMP		
P10747	P01730	336	590	900
P10747	P01730	336	590	900
P11226	P01730	0	254	0
P11226	P01730	0	254	0
P32302	P36575	193	49	0
P32302	P36575	193	49	0
P41182	P11274	0	250	900
P41182	P11274	0	250	900
P01730	P29350	0	185	900
P01730	P29350	0	185	900
P01730	P29350			
GO:0008283	P29350	IDA		
P43403	P06239	472	270	900
P43403	P06239	472	270	900
P43403	P06239			
P43403	P06239			
P43403	P06239			
P43403	P06239			
P15941	Q9Y336	0	347	0
P15941	Q9Y336	0	347	0
O15389	P10145	0	164	0
O15389	P10145	0	164	0
P01589	P40933	0	832	600
P01589	P40933	0	832	600
Q07108	P40933	0	832	0
Q07108	P40933	0	832	0
O95944	P40933	0	802	0
O95944	P40933	0	802	0
P26718	P40933	0	919	0
P26718	P40933	0	919	0
Q15762	P40933	0	594	0
Q15762	P40933	0	594	0
O14931	P40933	0	802	0
O14931	P40933	0	802	0
O95944	P26718.T	0	882	0
O95944	P26718.T	0	882	0
P50591	P40933	0	484	0
P50591	P40933	0	484	0
P04141	P22301	0	937	900
P04141	P22301	0	937	900
P04141	P05231	0	952	0
P04141	P05231	0	952	0
P09919	P22301	0	875	900
P09919	P22301	0	875	900
P09919	P05231	0	892	0
P09919	P05231	0	892	0
P02778	P22301	0	913	900
P02778	P22301	0	913	900
P02778	P05231	0	865	0
P02778	P05231	0	865	0
P13500	P22301	0	955	900
P13500	P22301	0	955	900
P13500	P05231	0	977	0
P13500	P05231	0	977	0
P26718	P13591	0	829	0
P26718	P13591	0	829	0
P05107	P26718	0	355	0
P05107	P26718	0	355	0
Q9BZW8	P26718	0	719	0
Q9BZW8	P26718	0	719	0
P13591	P26718	0	829	0
P13591	P26718	0	829	0
P05107	P26718	0	355	0
P05107	P26718	0	355	0
P05107	Q9BZW8	0	295	0
P05107	Q9BZW8	0	295	0
P26718	Q9BZW8	0	719	0
P26718	Q9BZW8	0	719	0
P32248	P05019	0	188	0
P32248	P05019	0	188	0
P32248	P48061	0	733	900
P32248	P48061	0	733	900
P32248	P13232	0	684	0
P32248	P13232	0	684	0
P14151	P48061	0	580	0
P14151	P48061	0	580	0
P14151	P05019	0	244	0
P14151	P05019	0	244	0
P14151	P13232	0	684	0
P14151	P13232	0	684	0
P60568	P05019	0	499	0
P60568	P05019	0	499	0
GO:0008283	P05019	IMP		
Q16520	JUN_FAMILY.T	588	579	0
Q16520	JUN_FAMILY.T	588	579	0
Q9NR55	JUN_FAMILY.T	780	621	900
Q9NR55	JUN_FAMILY.T	780	621	900
Q15306	JUN_FAMILY.T	0	427	900
Q15306	JUN_FAMILY.T	0	427	900
P17275	JUN_FAMILY.T	728	125	900
P17275	JUN_FAMILY.T	728	125	900
P15391	Q07011	0	677	0
P15391	Q07011	0	677	0
P31944	P22735	0	330	900
P31944	P22735	0	330	900
P05231	P10747	0	773	0
P05231	P10747	0	773	0
O14763	P14902	0	189	0
O14763	P14902	0	189	0
GO:0006915	P50591	IEA		
O15519	P14902	0	167	0
O15519	P14902	0	167	0
O14763	P14902	0	189	0
O14763	P14902	0	189	0
O14763	P31944	53	186	0
O14763	P31944	53	186	0
P05112	P10747	0	912	0
P05112	P10747	0	912	0
P11274	P15391	0	287	900
P11274	P15391	0	287	900
P11274	P20273	0	194	900
P11274	P20273	0	194	900
Q16568	P15391	0	795	0
Q16568	P15391	0	795	0
271	P28907	800	163	0
GO:0007165	P28907	NAS		
P11274	P15391	0	287	900
P11274	P15391	0	287	900
P11166	P13232	0	295	0
P11166	P13232	0	295	0
P26718	P13232	0	530	0
P26718	P13232	0	530	0
P11836	P15391	0	605	0
P11836	P15391	0	605	0
P20273	P15391	294	933	0
P20273	P15391	294	933	0
Q02535	O75626	0	480	0
Q02535	O75626	0	480	0
P60568	O14763	0	412	0
P60568	O14763	0	412	0
P01730	Q5QGZ9	0	0	0
P01730	Q5QGZ9	0	0	0
Q16568	P20138	0	492	0
Q16568	P20138	0	492	0
Q16568	Q5QGZ9	0	250	0
Q16568	Q5QGZ9	0	250	0
P50591	P01375	0	710	0
P50591	P01375	0	710	0
Q5QGZ9	P12694	87	579	0
Q5QGZ9	P12694	87	579	0
P15391	Q16568	0	795	0
P15391	Q16568	0	795	0
Q16653	B7ZLG1	0	712	0
Q16653	B7ZLG1	0	712	0
P22301	P21730	0	476	0
P22301	P21730	0	476	0
Q02750	P15056	994	397	900
Q02750	P15056	994	397	900
Q02750	P15056			
Q02750	P15056			
Q02750	P15056			
Q02750	P15056			
Q02750	P15056			
Q02750	P15056			
Q02750	P15056			
Q02750	P15056			
Q02750	P15056			
Q02750	P15056			
Q02750	P15056			
Q15399	P22301	157	746	0
Q15399	P22301	157	746	0
Q14116	P22301	0	915	900
Q14116	P22301	0	915	900
Q16568	P40933	0	565	0
Q16568	P40933	0	565	0
Q16568	P13232	0	483	0
Q16568	P13232	0	483	0
Q16568	P06239	0	212	0
Q16568	P06239	0	212	0
P15391	P40933	0	669	0
P15391	P40933	0	669	0
P15391	P13232	0	709	0
P15391	P13232	0	709	0
P14151	Q9GZX6	0	416	0
P14151	Q9GZX6	0	416	0
P60568	P11279	0	829	0
P60568	P11279	0	829	0
P20138	Q9NSY1	0	424	0
P20138	Q9NSY1	0	424	0
P40933	P11279	0	608	0
P40933	P11279	0	608	0
P49585	P35555	156	0	0
P49585	P35555	156	0	0
Q15672	P36575	0	160	0
Q15672	P36575	0	160	0
P20273	P15391.D	294	933	0
P20273	P15391.D	294	933	0
P10747	P43403	50	779	900
P10747	P43403	50	779	900
P43403	P06239	472	270	900
P43403	P06239	472	270	900
P43403	P06239			
P43403	P06239			
P43403	P06239			
P43403	P06239			
P01579	Q68D85	0	150	0
P01579	Q68D85	0	150	0
P33681	P42336	0	69	900
P33681	P42336	0	69	900
P33681	P42336			
P36575	P20963	195	43	0
P36575	P20963	195	43	0
Q9BYX4	P19525	0	573	0
Q9BYX4	P19525	0	573	0
O95786	P19525	0	559	900
O95786	P19525	0	559	900
O15455	P19525	0	469	0
O15455	P19525	0	469	0
GO:0006915	P25445	IDA		
P05231	Q15672	0	658	0
P05231	Q15672	0	658	0
Q16568	P15391	0	795	0
Q16568	P15391	0	795	0
P29965	P36575	193	49	0
P29965	P36575	193	49	0
P32248	P36575	0	151	0
P32248	P36575	0	151	0
P29965	P38570	0	473	0
P29965	P38570	0	473	0
GO:0007155	P05107	IDA		
P13591	P48023	0	546	0
P13591	P48023	0	546	0
GO:0006915	P48023	TAS		
Q16520	Q06124	0	168	0
Q16520	Q06124	0	168	0
Q16568	P13232	0	483	0
Q16568	P13232	0	483	0
Q16568	P40933	0	565	0
Q16568	P40933	0	565	0
Q16568	P60568	0	657	0
Q16568	P60568	0	657	0
Q16568	P60568	0	657	0
Q16568	P60568	0	657	0
P01730	P60568	0	684	0
P01730	P60568	0	684	0
P40933	Q16568	0	565	0
P40933	Q16568	0	565	0
P40933	P60568	0	950	0
P40933	P60568	0	950	0
P13232	Q16568	0	483	0
P13232	Q16568	0	483	0
P13232	P60568	0	920	0
P13232	P60568	0	920	0
P05451	P60568	0	208	0
P05451	P60568	0	208	0
Q07011	P10747	0	807	0
Q07011	P10747	0	807	0
P42858	P05112	0	185	0
P42858	P05112	0	185	0
271	P22001	342	0	0
P05231	Q02223	0	355	0
P05231	Q02223	0	355	0
P05231	P15391	0	714	0
P05231	P15391	0	714	0
Q02363	Q9C0K0	64	519	0
Q02363	Q9C0K0	64	519	0
P10144	Q9C0K0	0	162	0
P10144	Q9C0K0	0	162	0
Q02363	Q9C0K0	64	519	0
Q02363	Q9C0K0	64	519	0
P15391	P20273	294	933	0
P15391	P20273	294	933	0
P60568	Q16568	0	657	0
P60568	Q16568	0	657	0
P13501	Q15672	0	211	0
P13501	Q15672	0	211	0
Q8WVN6	P09564	379	906	0
Q8WVN6	P09564	379	906	0
P08842	O43521	0	150	0
P08842	O43521	0	150	0
GO:0007165	O75888	TAS		
O75888	O14836	379	718	900
O75888	O14836	379	718	900
O75888	O14836			
Q9Y275	O14836	379	950	900
Q9Y275	O14836	379	950	900
Q9Y275	O14836			
O75626	O75888	0	211	0
O75626	O75888	0	211	0
P25942	O14836	0	673	0
P25942	O14836	0	673	0
Q9GZX7	Q99836	0	433	0
Q9GZX7	Q99836	0	433	0
Q9GZX7	O14836	0	603	0
Q9GZX7	O14836	0	603	0
Q02223	O75888	379	640	900
Q02223	O75888	379	640	900
Q02223	O75888			
Q02223	O75888	379	640	900
Q02223	O75888	379	640	900
Q02223	O75888			
Q07817	Q06124	0	448	0
Q07817	Q06124	0	448	0
P60568	P00533	0	548	600
P60568	P00533	0	548	600
P60568	P01589	870	968	900
P60568	P01589	870	968	900
P60568	P01589			
P60568	P01589			
P60568	P01589			
GO:0008283	P01589	TAS		
Q02223	O75888	379	640	900
Q02223	O75888	379	640	900
Q02223	O75888			
Q15672	P36575	0	160	0
Q15672	P36575	0	160	0
Q15672	P05231	0	658	0
Q15672	P05231	0	658	0
Q15672	P36575	0	160	0
Q15672	P36575	0	160	0
P15391	P20273	294	933	0
P15391	P20273	294	933	0
P04626	P36575	0	196	0
P04626	P36575	0	196	0
P36575	P04626	0	196	0
P36575	P04626	0	196	0
Q16568	P06127	0	200	0
Q16568	P06127	0	200	0
GO:0042110	P27487	IDA		
Q14624	Q86SK9	0	838	0
Q14624	Q86SK9	0	838	0
Q16568	P13747	0	144	0
Q16568	P13747	0	144	0
Q16568	P13747	0	144	0
Q16568	P13747	0	144	0
Q16568	P17693	0	143	0
Q16568	P17693	0	143	0
P13747	P01579	0	390	0
P13747	P01579	0	390	0
P17693	Q16568	0	143	0
P17693	Q16568	0	143	0
P26715	Q16568	0	159	0
P26715	Q16568	0	159	0
P42345	Q9Y6W8	0	189	0
P42345	Q9Y6W8	0	189	0
P10415	P31749	0	426	900
P10415	P31749	0	426	900
P01589	P43489	0	531	0
P01589	P43489	0	531	0
Q8IXH7	Q9Y6W8	0	211	0
Q8IXH7	Q9Y6W8	0	211	0
P42345	P31749	872	972	900
P42345	P31749	872	972	900
P42345	P31749			
P42345	P31749			
P42345	P31749			
Q15672	P36575	0	160	0
Q15672	P36575	0	160	0
P05231	Q15672	0	658	0
P05231	Q15672	0	658	0
Q16568	O43490	0	240	0
Q16568	O43490	0	240	0
Q495A1	Q16568	0	307	0
Q495A1	Q16568	0	307	0
P42081	P16410	899	963	900
P42081	P16410	899	963	900
P42081	P16410			
P42081	P16410			
P33681	P16410	882	968	900
P33681	P16410	882	968	900
P33681	P16410			
P33681	P16410			
Q8IXH7	Q8TDQ0	0	296	0
Q8IXH7	Q8TDQ0	0	296	0
P18075	P51654	85	330	0
P18075	P51654	85	330	0
O14763	P13688	0	172	0
O14763	P13688	0	172	0
P25445	P02771	0	156	0
P25445	P02771	0	156	0
O15554	813	0	524	900
Q15672	Q99836	0	265	0
Q15672	Q99836	0	265	0
GO:0042110	P10747	IGI		
B7ZLG1	P43489	0	818	0
B7ZLG1	P43489	0	818	0
B7ZLG1	P43489	0	818	0
B7ZLG1	P43489	0	818	0
P26718	O14763	0	429	0
P26718	O14763	0	429	0
P26718	O14763	0	429	0
P26718	O14763	0	429	0
GO:0008283	Q02223	TAS		
P13501	Q86WV6	0	187	0
P13501	Q86WV6	0	187	0
GO:0006935	P13501	NAS		
GO:0006935	P02778	IDA		
Q07011	P10323	0	238	0
Q07011	P10323	0	238	0
GO:0006351	P24928	TAS		
P16410	P08174	0	373	0
P16410	P08174	0	373	0
P16410	P13987	0	354	0
P16410	P13987	0	354	0
GO:0008283	Q02223	TAS		
P01579	P10747	0	772	0
P01579	P10747	0	772	0
P60568	P10747	0	956	0
P60568	P10747	0	956	0
P02743	P02778	0	188	0
P02743	P02778	0	188	0
P02778	P02743	0	188	0
P02778	P02743	0	188	0
Q86TM3	P20333	0	280	0
Q86TM3	P20333	0	280	0
P01730	P20333	0	230	0
P01730	P20333	0	230	0
Q86TM3	P20333	0	280	0
Q86TM3	P20333	0	280	0
P60568	P20333	0	785	0
P60568	P20333	0	785	0
P60568	P31944	0	222	0
P60568	P31944	0	222	0
Q9Y572	Q13546	920	352	900
Q9Y572	Q13546	920	352	900
Q9Y572	Q13546			
Q9Y572	Q13546			
Q9Y572	Q13546			
Q9Y572	Q13546			
Q9Y572	Q13546			
Q9Y572	Q13546			
Q9Y572	Q13546			
Q9Y572	Q13546			
Q9Y572	Q13546			
Q9Y572	Q13546			
O95696	P02144	0	145	0
O95696	P02144	0	145	0
P05112	10964	0	154	0
P05112	P02144	0	185	0
P05112	P02144	0	185	0
P26718	P11166	0	227	0
P26718	P11166	0	227	0
Q9BZM5	P11166	0	242	0
Q9BZM5	P11166	0	242	0
P60568	P10747	0	956	0
P60568	P10747	0	956	0
P60568	P07204	0	377	0
P60568	P07204	0	377	0
P00451	B7ZLG1	0	259	0
P00451	B7ZLG1	0	259	0
B7ZLG1	P36575	0	0	0
B7ZLG1	P36575	0	0	0
P28907	P05231	0	795	0
P28907	P05231	0	795	0
P28907	P05231	0	795	0
P28907	P05231	0	795	0
GO:0007155	Q9NQ25	NAS		
Q9NQ25	Q13422	0	89	0
Q9NQ25	Q13422	0	89	0
P28907	P05231	0	795	0
P28907	P05231	0	795	0
Q9NZQ7	P04141	0	677	0
Q9NZQ7	P04141	0	677	0
Q9NZQ7	P18627	0	811	0
Q9NZQ7	P18627	0	811	0
P60568	P18031	0	187	0
P60568	P18031	0	187	0
P01375	P18031	77	504	0
P01375	P18031	77	504	0
P42229	P18031	435	545	900
P42229	P18031	435	545	900
P29597	P60568	0	528	0
P29597	P60568	0	528	0
O60674	P18031	522	863	900
O60674	P18031	522	863	900
O60674	P18031			
O60674	P18031			
P29597	P18031	456	428	900
P29597	P18031	456	428	900
P29597	P18031			
P29597	P18031	456	428	900
P29597	P18031	456	428	900
P29597	P18031			
P29597	P18031	456	428	900
P29597	P18031	456	428	900
P29597	P18031			
P29597	P18031	456	428	900
P29597	P18031	456	428	900
P29597	P18031			
O60674	P18031	522	863	900
O60674	P18031	522	863	900
O60674	P18031			
O60674	P18031			
P29597	P18031	456	428	900
P29597	P18031	456	428	900
P29597	P18031			
P18031	P01375	77	504	0
P18031	P01375	77	504	0
P29597	P40933	0	472	0
P29597	P40933	0	472	0
P29597	P40933	0	472	0
P29597	P40933	0	472	0
P29597	P40933	0	472	0
P29597	P40933	0	472	0
P29597	P60568	0	528	0
P29597	P60568	0	528	0
P29597	P60568	0	528	0
P29597	P60568	0	528	0
P18621	Q01780	368	0	900
P18621	Q01780	368	0	900
GO:0006955	Q9BQ51	NAS		
P33681	P16410	882	968	900
P33681	P16410	882	968	900
P33681	P16410			
P33681	P16410			
P42081	P16410	899	963	900
P42081	P16410	899	963	900
P42081	P16410			
P42081	P16410			
GO:0006955	Q9NZQ7	IDA		
P31749	Q5ZPR3	0	347	0
P31749	Q5ZPR3	0	347	0
Q9UBK5	UAZ537263	0	345	0
Q9UBK5	UAZ537263	0	345	0
P22301	P10747	0	887	0
P22301	P10747	0	887	0
P60568	P10747	0	956	0
P60568	P10747	0	956	0
P05231	P10747	0	773	0
P05231	P10747	0	773	0
P51679	P36575	193	49	0
P51679	P36575	193	49	0
P01730	P15391	0	579	0
P01730	P15391	0	579	0
P25024	P36575	193	99	0
P25024	P36575	193	99	0
P25025	P36575	193	167	0
P25025	P36575	193	167	0
P61073	P36575	193	203	900
P61073	P36575	193	203	900
Q15796	P04090	0	268	0
Q15796	P04090	0	268	0
P22301	P35225	0	953	0
P22301	P35225	0	953	0
P14324	68740	973	924	800
947	P35548	0	180	0
GO:0006915	P50591	IEA		
O00481	P62745	0	466	0
O00481	P62745	0	466	0
O00481	O60437	379	409	900
O00481	O60437	379	409	900
O00481	O60437			
GO:0006915	P48023	TAS		
P15391	P18627	0	514	0
P15391	P18627	0	514	0
P35555	P15391	0	229	0
P35555	P15391	0	229	0
Q9NQ25	Q16568	0	325	0
Q9NQ25	Q16568	0	325	0
Q16568	Q9NQ25	0	325	0
Q16568	Q9NQ25	0	325	0
GO:0006955	Q9UGT4	IEA		
P04141	Q02223	0	165	0
P04141	Q02223	0	165	0
P60568	Q02223	0	284	0
P60568	Q02223	0	284	0
P01375	Q02223	0	500	0
P01375	Q02223	0	500	0
P10747	Q9NZQ7	0	768	0
P10747	Q9NZQ7	0	768	0
B7ZLG1	P49961	0	842	0
B7ZLG1	P49961	0	842	0
GO:0031295	P10747	TAS		
P15391	Q16568	0	795	0
P15391	Q16568	0	795	0
GO:0007165	P04626	IDA		
O75888	Q02223	379	640	900
O75888	Q02223	379	640	900
O75888	Q02223			
Q9Y275	Q02223	909	874	900
Q9Y275	Q02223	909	874	900
Q9Y275	Q02223			
P01375	P40200	0	162	0
P01375	P40200	0	162	0
Q92583	P25942	0	532	0
Q92583	P25942	0	532	0
O00626	P25942	0	555	0
O00626	P25942	0	555	0
Q15672	P04141	0	171	0
Q15672	P04141	0	171	0
P78552	P35225	870	731	900
P78552	P35225	870	731	900
P78552	P35225			
P78552	P35225			
P78552	P35225	870	731	900
P78552	P35225	870	731	900
P78552	P35225			
P78552	P35225			
P36575	P04626	0	196	0
P36575	P04626	0	196	0
Q9Y275	Q02223	909	874	900
Q9Y275	Q02223	909	874	900
Q9Y275	Q02223			
Q02223	P18827	0	511	0
Q02223	P18827	0	511	0
Q02223	P15391	0	516	0
Q02223	P15391	0	516	0
Q02223	Q9NQ25	0	422	0
Q02223	Q9NQ25	0	422	0
Q15672	P36575	0	160	0
Q15672	P36575	0	160	0
Q02223	Q96RJ3	0	798	0
Q02223	Q96RJ3	0	798	0
P04626	P36575	0	196	0
P04626	P36575	0	196	0
P32248	P36575	0	151	0
P32248	P36575	0	151	0
P32248	P10747	0	838	0
P32248	P10747	0	838	0
P22301	P11150	0	185	0
P22301	P11150	0	185	0
Q8IXH7	P22301	0	741	0
Q8IXH7	P22301	0	741	0
GO:0006915	P09382	IEA		
P60568	P26951	0	529	900
P60568	P26951	0	529	900
P05231	P13500	0	977	0
P05231	P13500	0	977	0
P60568	P06239	0	710	900
P60568	P06239	0	710	900
P10747	Q07011	0	807	0
P10747	Q07011	0	807	0
P06239	P10747	384	836	900
P06239	P10747	384	836	900
P06239	P10747			
P06239	P10747			
P06239	P06241	0	80	900
P06239	P06241	0	80	900
P06239	P06241			
P06239	P06241			
P60568	B7ZLG1	472	958	900
P60568	B7ZLG1	472	958	900
P11279	P08174	0	187	0
P11279	P08174	0	187	0
GO:0008283	Q14116	IEA		
P04439	Q6ZN04	0	167	0
P04439	Q6ZN04	0	167	0
P04439	Q6ZN04	0	167	0
P04439	Q6ZN04	0	167	0
GO:0006955	Q9Y6W8	NAS		
GO:0006955	P43489	TAS		
P18827	Q02223	0	511	0
P18827	Q02223	0	511	0
P18827	Q9NQ25	0	553	0
P18827	Q9NQ25	0	553	0
P15391	Q02223	0	516	0
P15391	Q02223	0	516	0
P15391	Q9NQ25	0	429	0
P15391	Q9NQ25	0	429	0
P10747	P15391	0	793	0
P10747	P15391	0	793	0
P08700	P26951	870	846	900
P08700	P26951	870	846	900
P08700	P26951			
P08700	P26951			
P30533	P02768	0	245	0
P30533	P02768	0	245	0
Q86UR5	P02768	0	158	0
Q86UR5	P02768	0	158	0
Q92911	P15391	0	187	0
Q92911	P15391	0	187	0
GO:0006955	P04141	IEA		
GO:0006955	P40933	IEA		
O43602	P05231	0	315	0
O43602	P05231	0	315	0
P05231	Q96SW2	0	229	0
P05231	Q96SW2	0	229	0
Q13422	Q96SW2	384	780	0
Q13422	Q96SW2	384	780	0
GO:0030154	P09603	NAS		
P01579	P30203	0	288	0
P01579	P30203	0	288	0
P42345	P11274	0	249	900
P42345	P11274	0	249	900
P51679	P28908	0	269	0
P51679	P28908	0	269	0
P06239	P01730	952	657	900
P06239	P01730	952	657	900
P06239	P01730			
P06239	P01730			
P06239	P01730			
P06239	P01730			
P06239	P01730			
P06239	P01730			
P06239	P01730			
P06239	P01730			
P60568	P01730	0	684	0
P60568	P01730	0	684	0
P60568	P10747	0	956	0
P60568	P10747	0	956	0
P10747	P01730	336	590	900
P10747	P01730	336	590	900
P36575	O75626	0	190	0
P36575	O75626	0	190	0
P36402	O75626	0	510	0
P36402	O75626	0	510	0
P36575	O75626	0	190	0
P36575	O75626	0	190	0
P36575	O75626	0	190	0
P36575	O75626	0	190	0
P20823	Q92570	0	177	0
P20823	Q92570	0	177	0
P05231	P01730	0	481	0
P05231	P01730	0	481	0
Q16568	P15391	0	795	0
Q16568	P15391	0	795	0
Q16568	P15391	0	795	0
Q16568	P15391	0	795	0
Q16568	Q02223	0	347	0
Q16568	Q02223	0	347	0
P36575	P51681	193	101	0
P36575	P51681	193	101	0
P19838	Q9NR28	0	248	0
P19838	Q9NR28	0	248	0
GO:0042110	P10747	IGI		
Q9NYK1	Q9NR28	0	239	0
Q9NYK1	Q9NR28	0	239	0
Q14653	Q9UHD2.P	501	967	900
Q14653	Q9UHD2.P	501	967	900
P25942	P29965	870	974	900
P25942	P29965	870	974	900
P25942	P29965			
P13500	P01375	0	969	0
P13500	P01375	0	969	0
P02778	P01375	0	853	0
P02778	P01375	0	853	0
P08174	P15391	0	354	0
P08174	P15391	0	354	0
P15391	P11274	0	287	900
P15391	P11274	0	287	900
P35225	P78552	870	731	900
P35225	P78552	870	731	900
P35225	P78552			
P35225	P78552			
P60568	P01730	0	684	0
P60568	P01730	0	684	0
P10747	Q06124	0	480	0
P10747	Q06124	0	480	0
P19838	Q12933	99	299	900
P19838	Q12933	99	299	900
O14763	P40933	0	297	0
O14763	P40933	0	297	0
P01730	P42224	0	366	0
P01730	P42224	0	366	0
P50416	P40933	0	245	0
P50416	P40933	0	245	0
P10747	P15391	0	793	0
P10747	P15391	0	793	0
P15391	P29965	0	755	0
P15391	P29965	0	755	0
P35398	P29965	72	123	0
P35398	P29965	72	123	0
GO:0042110	P10747	IGI		
GO:0031295	P10747	TAS		
B7ZLG1	O00300	0	243	0
B7ZLG1	O00300	0	243	0
B7ZLG1	P01730	0	630	0
B7ZLG1	P01730	0	630	0
Q07011	P10747	0	807	0
Q07011	P10747	0	807	0
Q15399	P60568	0	651	0
Q15399	P60568	0	651	0
GO:0008283	P31749	TAS		
P14780	Q13421.T	0	541	0
P14780	Q13421.T	0	541	0
Q06187	Q8WXI8	63	74	0
Q06187	Q8WXI8	63	74	0
Q06187	Q9NZQ7	0	328	0
Q06187	Q9NZQ7	0	328	0
Q16568	P15391	0	795	0
Q16568	P15391	0	795	0
P01579	P26842	0	576	0
P01579	P26842	0	576	0
P01375	P26842	0	685	0
P01375	P26842	0	685	0
P26842	P10747	0	848	0
P26842	P10747	0	848	0
GO:0030217	P60568	TAS		
P14902	P15391	0	541	0
P14902	P15391	0	541	0
P02743	P05362	0	185	0
P02743	P05362	0	185	0
P01579	Q9UHP7	0	350	0
P01579	Q9UHP7	0	350	0
O94985	O60880	0	146	0
O94985	O60880	0	146	0
GO:0006915	O00300	IEA		
GO:0006915	O00220	NAS		
P01579	P15391	0	620	0
P01579	P15391	0	620	0
P60568	P15391	0	800	0
P60568	P15391	0	800	0
P29466	P12544	56	349	0
P29466	P12544	56	349	0
Q12929	GO:0008283	TAS		
P60568	P01730	0	684	0
P60568	P01730	0	684	0
P60568	P10747	0	956	0
P60568	P10747	0	956	0
GO:0008283	P00533	IDA		
GO:0006915	P01579	IGI		
P02743	Q9NR96	0	232	0
P02743	Q9NR96	0	232	0
P07333	Q8WXI8	124	90	0
P07333	Q8WXI8	124	90	0
P02778	P04141	0	802	0
P02778	P04141	0	802	0
O14625	P04141	0	557	0
O14625	P04141	0	557	0
P22301	Q8WXI8	0	254	0
P22301	Q8WXI8	0	254	0
Q8WXI8	Q86VB7	0	202	0
Q8WXI8	Q86VB7	0	202	0
P09429	P27797	0	676	0
P09429	P27797	0	676	0
P09429	P27797	0	676	0
P09429	P27797	0	676	0
O60674	P40763	472	979	900
O60674	P40763	472	979	900
O60674	P40763			
O60674	P40763			
O60674	P40763			
O60674	P40763			
O60674	P40763			
O60674	P40763			
O60674	P40763			
O60674	P40763			
O60674	P40763			
O60674	P40763			
O60674	P40763			
O60674	P40763			
O60674	P40763			
O60674	P40763			
O60674	P40763			
O60674	P40763			
O60674	P40763			
P25445	Q14790	0	171	0
P25445	Q14790	0	171	0
P25445	Q14790			
P25445	Q14790			
P25445	Q14790			
P25445	Q14790			
P25445	Q14790			
P25445	Q14790			
P25445	Q14790			
GO:0006915	P10144	TAS		
P11279	Q70J99	0	473	0
P11279	Q70J99	0	473	0
P10747	Q9NZQ7	0	768	0
P10747	Q9NZQ7	0	768	0
GO:0006955	P01730	NAS		
Q02223	Q9ULX5	0	222	0
Q02223	Q9ULX5	0	222	0
P15391	P51681	0	561	0
P15391	P51681	0	561	0
P60880	P36575	0	174	0
P60880	P36575	0	174	0
GO:0006915	O14763	NAS		
Q07011	GO:0006915	IEA		
GO:0006915	Q07011	IEA		
P10747	Q07011	0	807	0
P10747	Q07011	0	807	0
P01730	Q07011	0	282	0
P01730	Q07011	0	282	0
P31944	Q07011	0	326	0
P31944	Q07011	0	326	0
O43914	Q9NZC2	379	925	900
O43914	Q9NZC2	379	925	900
O43914	Q9NZC2			
O43914	Q9NZC2			
O43914	Q9NZC2			
P09564	Q16568	0	225	0
P09564	Q16568	0	225	0
PF02189	P06239	84	618	0
PF02189	P06239	84	618	0
P43403	P06239	472	270	900
P43403	P06239	472	270	900
P43403	P06239			
P43403	P06239			
P43403	P06239			
P43403	P06239			
P13500	P40763	0	824	900
P13500	P40763	0	824	900
P42224	P40763	713	88	900
P42224	P40763	713	88	900
P42224	P40763			
P42224	P40763			
P42224	P40763			
P42224	P40763			
P42224	P40763			
P42224	P40763			
P42224	P40763			
P42224	P40763			
P42224	P40763			
P42224	P40763			
P42224	P40763			
P08174	P16410	0	373	0
P08174	P16410	0	373	0
Q92905	P19838	233	137	0
Q92905	P19838	233	137	0
P08174	P10747	0	293	0
P08174	P10747	0	293	0
GO:0006915	Q14653	TAS		
GO:0006915	P10144	TAS		
P01375	P50479	0	171	0
P01375	P50479	0	171	0
Q14765	Q9NZH6	0	163	0
Q14765	Q9NZH6	0	163	0
P00533	P01133	933	972	900
P00533	P01133	933	972	900
P00533	P01133			
P00533	P01133			
P00533	P01133			
P00533	P01133			
P00533	P01133			
P00533	P01133			
P00533	P01133			
P00533	P01133			
P00533	P01133	933	972	900
P00533	P01133	933	972	900
P00533	P01133			
P00533	P01133			
P00533	P01133			
P00533	P01133			
P00533	P01133			
P00533	P01133			
P00533	P01133			
P00533	P01133			
P01730	Q07011	0	282	0
P01730	Q07011	0	282	0
P01730	P10747	336	590	900
P01730	P10747	336	590	900
P01730	Q14005	379	441	900
P01730	Q14005	379	441	900
P01730	Q14005			
GO:0006955	P01730	NAS		
P04141	P15391	0	687	0
P04141	P15391	0	687	0
Q15672	P36575	0	160	0
Q15672	P36575	0	160	0
P12931	P56704	85	381	0
P12931	P56704	85	381	0
216239	P08069	180	885	0
P29279	P56704.T	0	429	0
P29279	P56704.T	0	429	0
O76076	P56704.T	0	399	0
O76076	P56704.T	0	399	0
P04628	P56704.T	418	106	900
P04628	P56704.T	418	106	900
P01106	P56704.T	0	811	0
P01106	P56704.T	0	811	0
P42345	O94925	0	337	0
P42345	O94925	0	337	0
P18627	Q9NZQ7	0	811	0
P18627	Q9NZQ7	0	811	0
Q8TDQ0	Q9NZQ7	0	806	0
Q8TDQ0	Q9NZQ7	0	806	0
P35228	P01375	0	844	900
P35228	P01375	0	844	900
P60568	P28908	0	589	0
P60568	P28908	0	589	0
Q15672	P05231	0	658	0
Q15672	P05231	0	658	0
Q16568	P15391	0	795	0
Q16568	P15391	0	795	0
P28908	P51679	0	269	0
P28908	P51679	0	269	0
P01579	P05231	0	937	0
P01579	P05231	0	937	0
P01579	P05231	0	937	0
P01579	P05231	0	937	0
P01375	P05231	0	982	0
P01375	P05231	0	982	0
P01375	P05231	0	982	0
P01375	P05231	0	982	0
P11279	P10747	0	674	0
P11279	P10747	0	674	0
GO:0006955	P16410	TAS		
GO:0006955	Q9NZQ7	IDA		
Q13422	Q96SW2	384	780	0
Q13422	Q96SW2	384	780	0
Q9UKT9	Q96SW2	384	895	0
Q9UKT9	Q96SW2	384	895	0
P28906	P05231	0	727	0
P28906	P05231	0	727	0
O15344	Q02223	0	159	0
O15344	Q02223	0	159	0
P40763	P05231	269	970	900
P40763	P05231	269	970	900
P40763	P05231			
P40763	P05231			
P40763	P05231			
UAZ4B693637	Q9NZQ7	0	391	0
UAZ4B693637	Q9NZQ7	0	391	0
Q01151	Q06187	0	156	0
Q01151	Q06187	0	156	0
P22301	P23771	0	835	0
P22301	P23771	0	835	0
P10747	Q06124	0	480	0
P10747	Q06124	0	480	0
P01579	P10747	0	772	0
P01579	P10747	0	772	0
P60568	Q9NZQ7	0	852	0
P60568	Q9NZQ7	0	852	0
P31944	P26842	0	185	0
P31944	P26842	0	185	0
P15391	P28908	0	669	0
P15391	P28908	0	669	0
P01730	P40933	0	389	0
P01730	P40933	0	389	0
P01730	P10747	336	590	900
P01730	P10747	336	590	900
Q9NZQ7	P15391	0	668	0
Q9NZQ7	P15391	0	668	0
P15151	Q15762	552	919	900
P15151	Q15762	552	919	900
P15151	Q15762			
P10747	P43489	0	873	0
P10747	P43489	0	873	0
Q96RJ3	P15391	0	669	0
Q96RJ3	P15391	0	669	0
Q96RJ3	P15391	0	669	0
Q96RJ3	P15391	0	669	0
P15391	Q96RJ3	0	669	0
P15391	Q96RJ3	0	669	0
P15391	Q96RJ3	0	669	0
P15391	Q96RJ3	0	669	0
GO:0007165	P04626	IDA		
P01730	P60568	0	684	0
P01730	P60568	0	684	0
P01730	P13232	0	446	0
P01730	P13232	0	446	0
P60568	P13232	0	920	0
P60568	P13232	0	920	0
GO:0030154	P26718	IEA		
Q07011	P15391	0	677	0
Q07011	P15391	0	677	0
Q8WZ42	P43403	171	41	0
Q8WZ42	P43403	171	41	0
GO:0007155	O94985	TAS		
O75888	O14836	379	718	900
O75888	O14836	379	718	900
O75888	O14836			
Q9Y275	O14836	379	950	900
Q9Y275	O14836	379	950	900
Q9Y275	O14836			
O14836	O75888	379	718	900
O14836	O75888	379	718	900
O14836	O75888			
O14836	Q02223	0	870	0
O14836	Q02223	0	870	0
O14836	Q02223			
P08637	P04626	0	375	0
P08637	P04626	0	375	0
P31944	P16157	177	0	0
P31944	P16157	177	0	0
Q16568	P51654	0	362	0
Q16568	P51654	0	362	0
P22301	P30530	79	319	0
P22301	P30530	79	319	0
P36575	Q15672	0	160	0
P36575	Q15672	0	160	0
P61073	P16422	0	542	0
P61073	P16422	0	542	0
P09382	P01137	0	137	0
P09382	P01137	0	137	0
Q8IXH7	P60568	0	733	0
Q8IXH7	P60568	0	733	0
Q16520	O60885	60	137	0
Q16520	O60885	60	137	0
GO:0006915	P25445	IDA		
P60568	P40933	0	950	0
P60568	P40933	0	950	0
P60568	P09564	0	558	0
P60568	P09564	0	558	0
P36575	P04626	0	196	0
P36575	P04626	0	196	0
P08174	P15391	0	354	0
P08174	P15391	0	354	0
P10747	P15391	0	793	0
P10747	P15391	0	793	0
P25942	P02743	0	168	0
P25942	P02743	0	168	0
P01375	P25942	0	917	0
P01375	P25942	0	917	0
P25942	P02743	0	168	0
P25942	P02743	0	168	0
O14763	P60568	0	412	0
O14763	P60568	0	412	0
P10144	P60568	0	885	0
P10144	P60568	0	885	0
Q15672	P36575	0	160	0
Q15672	P36575	0	160	0
P10747	P09603	0	400	0
P10747	P09603	0	400	0
Q8IXH7	Q07011	0	213	0
Q8IXH7	Q07011	0	213	0
Q16568	P32970	0	267	0
Q16568	P32970	0	267	0
GO:0006955	P32970	IEA		
P19957	P10747	0	420	0
P19957	P10747	0	420	0
Q07011	P42345	0	223	0
Q07011	P42345	0	223	0
Q07011	P42345	0	223	0
Q07011	P42345	0	223	0
P22301	P10747	0	887	0
P22301	P10747	0	887	0
P01589	Q07011	0	482	0
P01589	Q07011	0	482	0
Q07108	P10747	0	897	0
Q07108	P10747	0	897	0
P04626	P00533	699	95	900
P04626	P00533	699	95	900
P04626	P00533			
P04626	P00533			
P04626	P00533			
P04626	P00533			
P04626	P00533			
P04626	P00533			
P04626	P00533			
P04626	P00533			
P04626	P00533			
P04626	P00533			
P04626	P00533			
Q15672	P05231	0	658	0
Q15672	P05231	0	658	0
Q16568	P32970	0	267	0
Q16568	P32970	0	267	0
P33681	P16410	882	968	900
P33681	P16410	882	968	900
P33681	P16410			
P33681	P16410			
P42081	P16410	899	963	900
P42081	P16410	899	963	900
P42081	P16410			
P42081	P16410			
P42574	P36575	0	179	0
P42574	P36575	0	179	0
Q9NZQ7	P14618	0	306	0
Q9NZQ7	P14618	0	306	0
P04626	P36575	0	196	0
P04626	P36575	0	196	0
GO:0006915	P10415	IDA		
GO:0006915	P10415	IDA		
GO:0043066	P10415	IDA		
GO:0043066	P55957	TAS		
Q16568	P15391	0	795	0
Q16568	P15391	0	795	0
Q08722	P78324	885	943	900
Q08722	P78324	885	943	900
Q08722	P78324			
Q08722	P78324			
Q08722	P78324			
P78324	Q08722	885	943	900
P78324	Q08722	885	943	900
P78324	Q08722			
P78324	Q08722			
P78324	Q08722			
P20273	P15391	294	933	0
P20273	P15391	294	933	0
P19838	Q02223	0	347	0
P19838	Q02223	0	347	0
P19838	Q02223	0	347	0
P19838	Q02223	0	347	0
P19838	P15104	138	97	0
P19838	P15104	138	97	0
GO:0006955	P17693	IBA		
GO:0006955	P17693	IBA		
Q8NHL6	P43403	50	285	0
Q8NHL6	P43403	50	285	0
P10144	O95944	0	582	0
P10144	O95944	0	582	0
O14763	Q13241	0	224	0
O14763	Q13241	0	224	0
O14763	P26718	0	429	0
O14763	P26718	0	429	0
P48023	P25445	0	186	0
P48023	P25445	0	186	0
P48023	P25445			
P48023	P25445			
P48023	P25942	0	771	0
P48023	P25942	0	771	0
GO:0006915	P25445	IDA		
P51685	P22362.S	379	763	900
P51685	P22362.S	379	763	900
GO:0042110	P10747	IGI		
P10747	Q06124	0	480	0
P10747	Q06124	0	480	0
Q15672	Q08117	0	222	0
Q15672	Q08117	0	222	0
P01730	P10747	336	590	900
P01730	P10747	336	590	900
P02786	P08235	0	230	0
P02786	P08235	0	230	0
P01588	P29317	0	543	0
P01588	P29317	0	543	0
Q15672	Q16552	0	199	0
Q15672	Q16552	0	199	0
Q16552	P31944	0	234	0
Q16552	P31944	0	234	0
Q15672	P01579	0	188	0
Q15672	P01579	0	188	0
P31944	Q16552	0	234	0
P31944	Q16552	0	234	0
P01375	P20138	0	473	0
P01375	P20138	0	473	0
P13591	P60568	0	878	0
P13591	P60568	0	878	0
P36575	P04626	0	196	0
P36575	P04626	0	196	0
Q15399	P49238	0	449	0
Q15399	P49238	0	449	0
Q16568	Q9NZQ7	0	647	0
Q16568	Q9NZQ7	0	647	0
P01730	P60568	0	684	0
P01730	P60568	0	684	0
P13232	P60568	0	920	0
P13232	P60568	0	920	0
GO:0042098	O43557	NAS		
P32248	P10747	0	838	0
P32248	P10747	0	838	0
P32248	P43489	0	569	0
P32248	P43489	0	569	0
P32248	P10747	0	838	0
P32248	P10747	0	838	0
Q07817	P43489	0	471	0
Q07817	P43489	0	471	0
P22301	P60568	0	957	0
P22301	P60568	0	957	0
P22301	P60568	0	957	0
P22301	P60568	0	957	0
P22301	P10747	0	887	0
P22301	P10747	0	887	0
P22301	P60568	0	957	0
P22301	P60568	0	957	0
P60568	P10747	0	956	0
P60568	P10747	0	956	0
P01579	P20273	0	222	0
P01579	P20273	0	222	0
P04626	Q9NZQ7	0	669	0
P04626	Q9NZQ7	0	669	0
Q9NZQ7	P04626	0	669	0
Q9NZQ7	P04626	0	669	0
GO:0006955	Q9NZQ7	IDA		
P04626	Q9NZQ7	0	669	0
P04626	Q9NZQ7	0	669	0
P60568	Q9NZQ7	0	852	0
P60568	Q9NZQ7	0	852	0
P60568	Q9NZQ7	0	852	0
P60568	Q9NZQ7	0	852	0
P60568	P10747	0	956	0
P60568	P10747	0	956	0
P60568	P15391	0	800	0
P60568	P15391	0	800	0
P08174	P42574	0	296	0
P08174	P42574	0	296	0
P50591	P01375	0	710	0
P50591	P01375	0	710	0
P27797	P08174	0	266	0
P27797	P08174	0	266	0
P50591	P48023	0	327	900
P50591	P48023	0	327	900
B7ZLG1	P32970.T	0	528	0
B7ZLG1	P32970.T	0	528	0
Q15672	P36575	0	160	0
Q15672	P36575	0	160	0
Q07011	Q02223	0	382	0
Q07011	Q02223	0	382	0
P01579	Q07011	0	547	0
P01579	Q07011	0	547	0
GO:0006915	P48023	TAS		
Q29983	P26718.T	800	984	800
Q29983	P26718.T	800	984	800
Q9BZM6	P26718.T	0	868	800
Q9BZM6	P26718.T	0	868	800
Q9BZM5	P26718.T	0	917	800
Q9BZM5	P26718.T	0	917	800
P14151	P17813	0	311	0
P14151	P17813	0	311	0
Q07108	P17813	0	248	0
Q07108	P17813	0	248	0
P14151	P17813	0	311	0
P14151	P17813	0	311	0
Q07108	P17813	0	248	0
Q07108	P17813	0	248	0
P15391	P60033	313	836	900
P15391	P60033	313	836	900
P15391	P60033			
GO:0007165	P36575	IEA		
GO:0006915	P25445	IDA		
Q15672	P36575	0	160	0
Q15672	P36575	0	160	0
P60568	P01730	0	684	0
P60568	P01730	0	684	0
Q86YL7	P01374	0	169	0
Q86YL7	P01374	0	169	0
Q86YL7	P01375	0	322	0
Q86YL7	P01375	0	322	0
P15151	Q495A1	870	847	800
P15151	Q495A1	870	847	800
GO:0006955	Q5ZPR3	NAS		
P10747	P60568	0	956	0
P10747	P60568	0	956	0
Q9NZQ7	P04141	0	677	0
Q9NZQ7	P04141	0	677	0
Q16568	P16410	0	710	0
Q16568	P16410	0	710	0
GO:0006955	P16410	TAS		
B7ZLG1	Q9UKS7	299	555	0
B7ZLG1	Q9UKS7	299	555	0
Q9BZS1	O00300	0	243	0
Q9BZS1	O00300	0	243	0
P16871	B7ZLG1.T	98	860	0
P16871	B7ZLG1.T	98	860	0
P01375	B7ZLG1.T	379	817	0
P01375	B7ZLG1.T	379	817	0
Q8N5D0	P49961	0	710	0
Q8N5D0	P49961	0	710	0
P01589	B7ZLG1	269	802	900
P01589	B7ZLG1	269	802	900
P01589	B7ZLG1.T	269	802	900
P01589	B7ZLG1.T	269	802	900
P16410	B7ZLG1	268	961	900
P16410	B7ZLG1	268	961	900
P16410	B7ZLG1.T	268	961	900
P16410	B7ZLG1.T	268	961	900
P60568	P06239	0	710	900
P60568	P06239	0	710	900
P43403	P06239	472	270	900
P43403	P06239	472	270	900
P43403	P06239			
P43403	P06239			
P43403	P06239			
P43403	P06239			
PF02189	P10747	0	718	720
PF02189	P10747	0	718	720
VAV	P10747	379	786	900
VAV	P10747	379	786	900
GO:0030154	P26718	IEA		
Q07011	P26718	0	731	0
Q07011	P26718	0	731	0
Q9UBK5	P26718	183	858	800
Q9UBK5	P26718	183	858	800
Q9UBK5	P26718			
GO:0006954	P05231	IDA		
P01589	P01730	336	640	0
P01589	P01730	336	640	0
P10144	P01730	0	441	0
P10144	P01730	0	441	0
GO:0042110	P01730	IBA		
P36575	P51679	193	49	0
P36575	P51679	193	49	0
P18627	P09919	0	165	0
P18627	P09919	0	165	0
Q8TDQ0	P09919	0	213	0
Q8TDQ0	P09919	0	213	0
Q8TDQ0	P09919	0	213	0
Q8TDQ0	P09919	0	213	0
P51654	P08575	124	147	0
P51654	P08575	124	147	0
Q07011	P15391	0	677	0
Q07011	P15391	0	677	0
Q8WXI8	P15391	0	135	0
Q8WXI8	P15391	0	135	0
Q8WXI8	P10747	0	193	0
Q8WXI8	P10747	0	193	0
P13232	P10747	0	746	0
P13232	P10747	0	746	0
P06239	Q07011	0	610	0
P06239	Q07011	0	610	0
P13232	P40933	0	922	0
P13232	P40933	0	922	0
P13232	P60568	0	920	0
P13232	P60568	0	920	0
P13232	Q9GZX6	0	560	0
P13232	Q9GZX6	0	560	0
P40763	Q9GZX6	0	837	900
P40763	Q9GZX6	0	837	900
P40763	Q9GZX6			
P40763	Q9GZX6			
GO:0008283	P40763	IEA		
Q9NZQ7	P40763	0	860	0
Q9NZQ7	P40763	0	860	0
Q495A1	Q92692	870	680	800
Q495A1	Q92692	870	680	800
P49961	P05231	0	515	0
P49961	P05231	0	515	0
P16871	O94900.T	0	212	0
P16871	O94900.T	0	212	0
P20823	O94900.T	53	140	0
P20823	O94900.T	53	140	0
Q495A1	P21589	0	309	0
Q495A1	P21589	0	309	0
P36575	P51681	193	101	0
P36575	P51681	193	101	0
P20273	Q9NZQ7	0	293	0
P20273	Q9NZQ7	0	293	0
Q9NZQ7	O60885	0	227	0
Q9NZQ7	O60885	0	227	0
Q9NZQ7	P01106	0	442	0
Q9NZQ7	P01106	0	442	0
Q15672	P36575	0	160	0
Q15672	P36575	0	160	0
Q15672	P36575	0	160	0
Q15672	P36575	0	160	0
P18621	P49589	0	67	0
P18621	P49589	0	67	0
Q02223	P15391	0	516	0
Q02223	P15391	0	516	0
Q07011	P10747	0	807	0
Q07011	P10747	0	807	0
P60568	Q07011	0	828	0
P60568	Q07011	0	828	0
P60568	P10747	0	956	0
P60568	P10747	0	956	0
Q8IXH7	P10747	0	556	0
Q8IXH7	P10747	0	556	0
GO:0019835	P10144	IEA		
P10144	Q07011	0	630	0
P10144	Q07011	0	630	0
GO:0008283	Q5ZPR3	NAS		
B7ZLG1	O60602	57	640	0
B7ZLG1	O60602	57	640	0
P22301	O60603	157	928	0
P22301	O60603	157	928	0
P01730	O60603	0	282	0
P01730	O60603	0	282	0
B7ZLG1	O60603	57	803	0
B7ZLG1	O60603	57	803	0
P22301	159603	0	164	700
P22301	O60602	157	766	0
P22301	O60602	157	766	0
P60568	O60603	0	680	0
P60568	O60603	0	680	0
P10145	O60603	0	909	0
P10145	O60603	0	909	0
P10145	O60602	0	858	0
P10145	O60602	0	858	0
GO:0034134	O60603	IEA		
Q9Y4K3	P01375	0	734	900
Q9Y4K3	P01375	0	734	900
Q8IXH7	O60603	0	511	0
Q8IXH7	O60603	0	511	0
GO:0006955	O60603	TAS		
P18627	P01730	0	310	0
P18627	P01730	0	310	0
P05231	Q16568	0	473	0
P05231	Q16568	0	473	0
Q16568	P05231	0	473	0
Q16568	P05231	0	473	0
P55211	Q16568	0	429	0
P55211	Q16568	0	429	0
P05231	Q15672	0	658	0
P05231	Q15672	0	658	0
P05231	P14778	0	810	0
P05231	P14778	0	810	0
P42081	P01730	0	404	900
P42081	P01730	0	404	900
P60568	P01730	0	684	0
P60568	P01730	0	684	0
Q8IXH7	P01730	0	267	0
Q8IXH7	P01730	0	267	0
P60568	P01375	0	957	0
P60568	P01375	0	957	0
P60568	Q13191	0	192	0
P60568	Q13191	0	192	0
P11274	P11912	0	138	900
P11274	P11912	0	138	900
P11274	P40259	0	64	900
P11274	P40259	0	64	900
Q16611	P10415	826	195	900
Q16611	P10415	826	195	900
Q07812	P10415	580	287	900
Q07812	P10415	580	287	900
GO:0006915	P10415	IDA		
P49841	P15941	379	491	0
P49841	P15941	379	491	0
P60568	P15941	0	554	0
P60568	P15941	0	554	0
P01375	P15941	0	685	0
P01375	P15941	0	685	0
Q14116	P29466	379	972	900
Q14116	P29466	379	972	900
Q14116	P29466			
Q96P20	Q86WV6	0	355	0
Q96P20	Q86WV6	0	355	0
Q96P20	P29466	0	972	900
Q96P20	P29466	0	972	900
Q96P20	P29466			
Q9UPY5	P04637	0	424	0
Q9UPY5	P04637	0	424	0
GO:0070269	P57764	ISS		
Q9UPY5	Q16236	0	736	0
Q9UPY5	Q16236	0	736	0
P36575	Q15672	0	160	0
P36575	Q15672	0	160	0
P26842	Q07817	0	399	0
P26842	Q07817	0	399	0
P25054	P35968	0	150	0
P25054	P35968	0	150	0
P02774	B7ZLG1	56	169	0
P02774	B7ZLG1	56	169	0
P01730	P22301	0	543	0
P01730	P22301	0	543	0
P25054	P22301	0	197	0
P25054	P22301	0	197	0
Q16568	P22301	0	427	0
Q16568	P22301	0	427	0
P22301	Q13651	870	923	900
P22301	Q13651	870	923	900
P22301	Q13651			
P22301	Q13651			
P06731	P22301	0	381	0
P06731	P22301	0	381	0
P10144	P22301	0	818	0
P10144	P22301	0	818	0
P01579	P22301	0	944	0
P01579	P22301	0	944	0
P02743	P29965	0	152	0
P02743	P29965	0	152	0
P22301	P43489	0	652	0
P22301	P43489	0	652	0
P22301	P10747	0	887	0
P22301	P10747	0	887	0
P60568	Q9Y5U5	0	709	0
P60568	Q9Y5U5	0	709	0
P60568	P43489	0	841	0
P60568	P43489	0	841	0
Q8IXH7	P28908	0	246	0
Q8IXH7	P28908	0	246	0
Q8IXH7	Q9Y6W8	0	211	0
Q8IXH7	Q9Y6W8	0	211	0
O75888	Q02223	379	640	900
O75888	Q02223	379	640	900
O75888	Q02223			
O75888	Q9Y275	379	228	0
O75888	Q9Y275	379	228	0
O75888	O14836	379	718	900
O75888	O14836	379	718	900
O75888	O14836			
Q9Y275	O14836	379	950	900
Q9Y275	O14836	379	950	900
Q9Y275	O14836			
P27216	P04637	0	196	0
P27216	P04637	0	196	0
P28907	P01730	336	388	0
P28907	P01730	336	388	0
P17948	P36888	0	232	0
P17948	P36888	0	232	0
P49771	P36888	870	836	900
P49771	P36888	870	836	900
P49771	P36888			
P49771	P36888			
P49771	P36888			
784	P04040	690	999	900
P36575	P04626	0	196	0
P36575	P04626	0	196	0
P42574	P48023	0	795	0
P42574	P48023	0	795	0
P02741	P05231	0	970	0
P02741	P05231	0	970	0
P42574	P25445	0	330	0
P42574	P25445	0	330	0
P03372	Q16568	0	212	0
P03372	Q16568	0	212	0
P04233	P28906	0	258	0
P04233	P28906	0	258	0
Q02223	P43489	0	356	0
Q02223	P43489	0	356	0
GO:0007165	P36575	IEA		
P26718	Q9UBK5	183	858	800
P26718	Q9UBK5	183	858	800
P26718	Q9UBK5			
GO:0080111	Q6N021	IDA		
P01579	P10747	0	772	0
P01579	P10747	0	772	0
P01579	P10747	0	772	0
P01579	P10747	0	772	0
Q02223	Q9NQ25	0	422	0
Q02223	Q9NQ25	0	422	0
Q15672	P36575	0	160	0
Q15672	P36575	0	160	0
Q15672	P09919	0	157	0
Q15672	P09919	0	157	0
GO:0042110	P10747	IGI		
GO:0008283	P15104	IDA		
O14836	Q02223	0	870	0
O14836	Q02223	0	870	0
O14836	Q02223			
O14836	Q02223	0	870	0
O14836	Q02223	0	870	0
O14836	Q02223			
P10145	P06127	0	284	0
P10145	P06127	0	284	0
P06734	P05412	0	187	0
P06734	P05412	0	187	0
GO:0006915	P55211	IMP		
P10747	Q9NZQ7	0	768	0
P10747	Q9NZQ7	0	768	0
P32970	P26842	379	922	900
P32970	P26842	379	922	900
P32970	P26842			
P10144	Q9NZQ7	0	670	0
P10144	Q9NZQ7	0	670	0
P05089	P19838	0	135	900
P05089	P19838	0	135	900
GO:0008283	P32970	TAS		
Q06124	Q9NZQ7	379	570	900
Q06124	Q9NZQ7	379	570	900
Q06124	Q9NZQ7			
Q06124	Q9NZQ7	379	570	900
Q06124	Q9NZQ7	379	570	900
Q06124	Q9NZQ7			
Q9NZQ7	P01589	0	435	0
Q9NZQ7	P01589	0	435	0
Q9NZQ7	P01730	0	299	900
Q9NZQ7	P01730	0	299	900
P60568	P06239	0	710	900
P60568	P06239	0	710	900
P49768	Q02223	0	221	0
P49768	Q02223	0	221	0
P40933	P01730	0	389	0
P40933	P01730	0	389	0
P13232	P01730	0	446	0
P13232	P01730	0	446	0
P25116	P03956	516	718	0
P25116	P03956	516	718	0
P25116	P03956	516	718	0
P25116	P03956	516	718	0
P40763	P05231	269	970	900
P40763	P05231	269	970	900
P40763	P05231			
P40763	P05231			
P40763	P05231			
P03956	P25116.T	516	718	0
P03956	P25116.T	516	718	0
Q13114	Q12933	543	130	900
Q13114	Q12933	543	130	900
Q13114	Q12933			
Q13114	Q12933			
Q13114	Q12933			
Q9Y275	P01375	0	828	900
Q9Y275	P01375	0	828	900
Q07817	Q9Y275	0	473	0
Q07817	Q9Y275	0	473	0
P32248	P10747	0	838	0
P32248	P10747	0	838	0
P32248	P43489	0	569	0
P32248	P43489	0	569	0
P25942	O95819	0	70	900
P25942	O95819	0	70	900
O14920	O15111	910	93	900
O14920	O15111	910	93	900
O14920	O15111			
O14920	O15111			
O14920	O15111			
O14920	O15111			
O14920	O15111			
O14920	O15111			
O14920	O15111			
O14920	O15111			
Q07820	Q9Y275	0	666	0
Q07820	Q9Y275	0	666	0
O43318	Q9Y4K3	994	741	900
O43318	Q9Y4K3	994	741	900
O43318	Q9Y4K3			
O43318	Q9Y4K3			
O43318	Q9Y4K3			
O43318	Q9Y4K3			
O43318	Q9Y4K3			
O43318	Q9Y4K3			
O43318	Q9Y4K3			
O43318	Q9Y4K3			
O43318	Q9Y4K3			
O43318	Q9Y4K3			
O43318	Q9Y4K3			
O43318	Q9Y4K3			
O43318	Q9Y4K3			
O43318	Q9Y4K3			
O43318	Q9Y4K3			
GO:0008283	Q9Y275	TAS		
O15111	O95819	67	207	900
O15111	O95819	67	207	900
P42345	P10747	0	511	0
P42345	P10747	0	511	0
GO:0006413	Q14152	IC		
P16410	Q9NZQ7	320	930	0
P16410	Q9NZQ7	320	930	0
Q8TDQ0	Q9NZQ7	0	806	0
Q8TDQ0	Q9NZQ7	0	806	0
GO:0006955	Q9NZQ7	IDA		
GO:0007165	P36575	IEA		
P60568	Q9NZQ7	0	852	0
P60568	Q9NZQ7	0	852	0
Q02223	O75888	379	640	900
Q02223	O75888	379	640	900
Q02223	O75888			
